State,Filed week ended,Initial Claims,Reflecting Week Ended,Continued Claims,Covered Employment,Insured Unemployment Rate
Alabama,1/4/20,"4,578",12/28/19,"18,523","1,923,741",0.96
Alabama,1/11/20,"3,629",1/4/20,"21,143","1,923,741",1.1
Alabama,1/18/20,"2,483",1/11/20,"17,402","1,923,741",0.9
Alabama,1/25/20,"2,129",1/18/20,"18,390","1,923,741",0.96
Alabama,2/1/20,"2,170",1/25/20,"17,284","1,923,741",0.9
Alabama,2/8/20,"2,176",2/1/20,"16,745","1,923,741",0.87
Alabama,2/15/20,"1,981",2/8/20,"16,571","1,923,741",0.86
Alabama,2/22/20,"1,735",2/15/20,"16,059","1,923,741",0.83
Alabama,2/29/20,"1,575",2/22/20,"14,721","1,923,741",0.77
Alabama,3/7/20,"1,663",2/29/20,"13,657","1,923,741",0.71
Alabama,3/14/20,"1,819",3/7/20,"13,070","1,923,741",0.68
Alabama,3/21/20,"10,892",3/14/20,"12,487","1,923,741",0.65
Alabama,3/28/20,"80,984",3/21/20,"18,083","1,923,741",0.94
Alabama,4/4/20,"106,739",3/28/20,"52,176","1,923,741",2.71
Alaska,1/4/20,981,12/28/19,"10,177","306,493",3.32
Alaska,1/11/20,"1,371",1/4/20,"9,310","307,329",3.03
Alaska,1/18/20,"1,181",1/11/20,"9,984","307,329",3.25
Alaska,1/25/20,"1,003",1/18/20,"9,496","307,329",3.09
Alaska,2/1/20,"1,122",1/25/20,"9,579","307,329",3.12
Alaska,2/8/20,980,2/1/20,"9,161","307,329",2.98
Alaska,2/15/20,915,2/8/20,"9,343","307,329",3.04
Alaska,2/22/20,773,2/15/20,"8,864","307,329",2.88
Alaska,2/29/20,874,2/22/20,"8,938","307,329",2.91
Alaska,3/7/20,815,2/29/20,"8,266","307,329",2.69
Alaska,3/14/20,"1,120",3/7/20,"8,522","307,329",2.77
Alaska,3/21/20,"7,847",3/14/20,"8,512","307,329",2.77
Alaska,3/28/20,"13,774",3/21/20,"11,173","307,329",3.64
Alaska,4/4/20,"14,590",3/28/20,"19,845","307,329",6.46
Arizona,1/4/20,"3,132",12/28/19,"17,991","2,864,180",0.63
Arizona,1/11/20,"4,654",1/4/20,"18,259","2,864,180",0.64
Arizona,1/18/20,"4,152",1/11/20,"18,421","2,864,180",0.64
Arizona,1/25/20,"3,475",1/18/20,"18,401","2,864,180",0.64
Arizona,2/1/20,"3,807",1/25/20,"18,854","2,864,180",0.66
Arizona,2/8/20,"3,636",2/1/20,"18,461","2,864,180",0.64
Arizona,2/15/20,"3,538",2/8/20,"18,516","2,864,180",0.65
Arizona,2/22/20,"3,151",2/15/20,"18,217","2,864,180",0.64
Arizona,2/29/20,"3,086",2/22/20,"18,137","2,864,180",0.63
Arizona,3/7/20,"3,357",2/29/20,"17,593","2,864,180",0.61
Arizona,3/14/20,"3,844",3/7/20,"17,595","2,864,180",0.61
Arizona,3/21/20,"29,348",3/14/20,"18,108","2,864,180",0.63
Arizona,3/28/20,"88,940",3/21/20,"26,387","2,864,180",0.92
Arizona,4/4/20,"132,428",3/28/20,"62,597","2,864,180",2.19
Arkansas,1/4/20,"2,576",12/28/19,"15,323","1,193,713",1.28
Arkansas,1/11/20,"2,493",1/4/20,"15,536","1,195,622",1.3
Arkansas,1/18/20,"1,729",1/11/20,"13,229","1,195,622",1.11
Arkansas,1/25/20,"1,683",1/18/20,"12,331","1,195,622",1.03
Arkansas,2/1/20,"1,837",1/25/20,"13,210","1,195,622",1.1
Arkansas,2/8/20,"1,724",2/1/20,"12,964","1,195,622",1.08
Arkansas,2/15/20,"1,602",2/8/20,"12,979","1,195,622",1.09
Arkansas,2/22/20,"1,055",2/15/20,"12,546","1,195,622",1.05
Arkansas,2/29/20,"1,418",2/22/20,"12,244","1,195,622",1.02
Arkansas,3/7/20,"1,843",2/29/20,"11,618","1,195,622",0.97
Arkansas,3/14/20,"1,382",3/7/20,"11,514","1,195,622",0.96
Arkansas,3/21/20,"9,275",3/14/20,"10,988","1,195,622",0.92
Arkansas,3/28/20,"27,756",3/21/20,"16,148","1,195,622",1.35
Arkansas,4/4/20,"62,086",3/28/20,"36,499","1,195,622",3.05
California,1/4/20,"36,720",12/28/19,"359,606","17,203,829",2.09
California,1/11/20,"51,993",1/4/20,"356,376","17,265,039",2.06
California,1/18/20,"64,858",1/11/20,"376,947","17,265,039",2.18
California,1/25/20,"45,596",1/18/20,"336,269","17,265,039",1.95
California,2/1/20,"43,458",1/25/20,"388,341","17,265,039",2.25
California,2/8/20,"40,392",2/1/20,"359,156","17,265,039",2.08
California,2/15/20,"43,445",2/8/20,"375,305","17,265,039",2.17
California,2/22/20,"34,979",2/15/20,"349,252","17,265,039",2.02
California,2/29/20,"41,678",2/22/20,"369,988","17,265,039",2.14
California,3/7/20,"43,385",2/29/20,"378,864","17,265,039",2.19
California,3/14/20,"57,606",3/7/20,"351,344","17,265,039",2.04
California,3/21/20,"186,333",3/14/20,"421,912","17,265,039",2.44
California,3/28/20,"1,058,325",3/21/20,"400,565","17,265,039",2.32
California,4/4/20,"918,814",3/28/20,"1,076,761","17,265,039",6.24
Colorado,1/4/20,"2,431",12/28/19,"21,391","2,635,231",0.81
Colorado,1/11/20,"3,001",1/4/20,"21,492","2,650,335",0.81
Colorado,1/18/20,"2,522",1/11/20,"21,104","2,650,335",0.8
Colorado,1/25/20,"2,164",1/18/20,"22,738","2,650,335",0.86
Colorado,2/1/20,"2,049",1/25/20,"21,560","2,650,335",0.81
Colorado,2/8/20,"2,482",2/1/20,"22,881","2,650,335",0.86
Colorado,2/15/20,"2,209",2/8/20,"22,076","2,650,335",0.83
Colorado,2/22/20,"1,862",2/15/20,"23,694","2,650,335",0.89
Colorado,2/29/20,"1,681",2/22/20,"22,409","2,650,335",0.85
Colorado,3/7/20,"1,865",2/29/20,"22,908","2,650,335",0.86
Colorado,3/14/20,"2,321",3/7/20,"21,260","2,650,335",0.8
Colorado,3/21/20,"19,774",3/14/20,"21,309","2,650,335",0.8
Colorado,3/28/20,"61,838",3/21/20,"21,956","2,650,335",0.83
Colorado,4/4/20,"46,326",3/28/20,"73,584","2,650,335",2.78
Connecticut,1/4/20,"7,852",12/28/19,"46,562","1,655,540",2.81
Connecticut,1/11/20,"5,986",1/4/20,"47,540","1,654,391",2.87
Connecticut,1/18/20,"3,776",1/11/20,"42,483","1,654,391",2.57
Connecticut,1/25/20,"2,949",1/18/20,"41,760","1,654,391",2.52
Connecticut,2/1/20,"2,994",1/25/20,"41,725","1,654,391",2.52
Connecticut,2/8/20,"2,944",2/1/20,"41,633","1,654,391",2.52
Connecticut,2/15/20,"2,520",2/8/20,"39,384","1,654,391",2.38
Connecticut,2/22/20,"2,435",2/15/20,"41,691","1,654,391",2.52
Connecticut,2/29/20,"2,843",2/22/20,"42,168","1,654,391",2.55
Connecticut,3/7/20,"2,527",2/29/20,"40,638","1,654,391",2.46
Connecticut,3/14/20,"3,440",3/7/20,"39,786","1,654,391",2.4
Connecticut,3/21/20,"25,100",3/14/20,"44,194","1,654,391",2.67
Connecticut,3/28/20,"33,227",3/21/20,"80,861","1,654,391",4.89
Connecticut,4/4/20,"33,464",3/28/20,"147,939","1,654,391",8.94
Delaware,1/4/20,875,12/28/19,"6,881","441,663",1.56
Delaware,1/11/20,"1,107",1/4/20,"7,083","443,288",1.6
Delaware,1/18/20,830,1/11/20,"5,967","443,288",1.35
Delaware,1/25/20,674,1/18/20,"5,703","443,288",1.29
Delaware,2/1/20,622,1/25/20,"6,830","443,288",1.54
Delaware,2/8/20,608,2/1/20,"5,888","443,288",1.33
Delaware,2/15/20,610,2/8/20,"5,917","443,288",1.33
Delaware,2/22/20,632,2/15/20,"5,921","443,288",1.34
Delaware,2/29/20,524,2/22/20,"6,742","443,288",1.52
Delaware,3/7/20,518,2/29/20,"5,480","443,288",1.24
Delaware,3/14/20,472,3/7/20,"5,310","443,288",1.2
Delaware,3/21/20,"10,776",3/14/20,"5,297","443,288",1.19
Delaware,3/28/20,"19,137",3/21/20,"11,506","443,288",2.6
Delaware,4/4/20,"18,851",3/28/20,"19,442","443,288",4.39
District of Columbia,1/4/20,481,12/28/19,"7,198","576,878",1.25
District of Columbia,1/11/20,706,1/4/20,"7,102","578,035",1.23
District of Columbia,1/18/20,594,1/11/20,"7,271","578,035",1.26
District of Columbia,1/25/20,534,1/18/20,"7,149","578,035",1.24
District of Columbia,2/1/20,539,1/25/20,"7,139","578,035",1.24
District of Columbia,2/8/20,508,2/1/20,"7,156","578,035",1.24
District of Columbia,2/15/20,473,2/8/20,"7,079","578,035",1.22
District of Columbia,2/22/20,422,2/15/20,"7,003","578,035",1.21
District of Columbia,2/29/20,452,2/22/20,"7,020","578,035",1.21
District of Columbia,3/7/20,471,2/29/20,"6,792","578,035",1.18
District of Columbia,3/14/20,"1,213",3/7/20,"6,746","578,035",1.17
District of Columbia,3/21/20,"14,462",3/14/20,"7,378","578,035",1.28
District of Columbia,3/28/20,"15,869",3/21/20,"17,661","578,035",3.06
District of Columbia,4/4/20,"15,329",3/28/20,"31,385","578,035",5.43
Florida,1/4/20,"4,618",12/28/19,"36,189","8,608,066",0.42
Florida,1/11/20,"6,862",1/4/20,"35,024","8,604,277",0.41
Florida,1/18/20,"6,088",1/11/20,"34,718","8,604,277",0.4
Florida,1/25/20,"5,206",1/18/20,"33,347","8,604,277",0.39
Florida,2/1/20,"5,457",1/25/20,"35,871","8,604,277",0.42
Florida,2/8/20,"5,605",2/1/20,"33,176","8,604,277",0.39
Florida,2/15/20,"5,229",2/8/20,"34,449","8,604,277",0.4
Florida,2/22/20,"4,861",2/15/20,"33,570","8,604,277",0.39
Florida,2/29/20,"4,853",2/22/20,"33,421","8,604,277",0.39
Florida,3/7/20,"5,325",2/29/20,"32,262","8,604,277",0.37
Florida,3/14/20,"6,463",3/7/20,"32,244","8,604,277",0.37
Florida,3/21/20,"74,313",3/14/20,"33,728","8,604,277",0.39
Florida,3/28/20,"228,484",3/21/20,"35,076","8,604,277",0.41
Florida,4/4/20,"169,885",3/28/20,"98,921","8,604,277",1.15
Georgia,1/4/20,"17,060",12/28/19,"38,704","4,353,840",0.89
Georgia,1/11/20,"17,962",1/4/20,"47,482","4,373,059",1.09
Georgia,1/18/20,"8,161",1/11/20,"32,079","4,373,059",0.73
Georgia,1/25/20,"5,257",1/18/20,"28,998","4,373,059",0.66
Georgia,2/1/20,"5,199",1/25/20,"28,332","4,373,059",0.65
Georgia,2/8/20,"5,577",2/1/20,"26,984","4,373,059",0.62
Georgia,2/15/20,"6,277",2/8/20,"27,317","4,373,059",0.62
Georgia,2/22/20,"5,030",2/15/20,"26,963","4,373,059",0.62
Georgia,2/29/20,"5,538",2/22/20,"26,958","4,373,059",0.62
Georgia,3/7/20,"4,569",2/29/20,"25,079","4,373,059",0.57
Georgia,3/14/20,"5,445",3/7/20,"25,352","4,373,059",0.58
Georgia,3/21/20,"12,140",3/14/20,"27,507","4,373,059",0.63
Georgia,3/28/20,"133,820",3/21/20,"107,877","4,373,059",2.47
Georgia,4/4/20,"390,132",3/28/20,"360,077","4,373,059",8.23
Hawaii,1/4/20,"1,825",12/28/19,"6,813","623,074",1.09
Hawaii,1/11/20,"1,826",1/4/20,"7,849","621,949",1.26
Hawaii,1/18/20,"1,234",1/11/20,"6,623","621,949",1.06
Hawaii,1/25/20,"1,014",1/18/20,"6,407","621,949",1.03
Hawaii,2/1/20,"1,135",1/25/20,"6,070","621,949",0.98
Hawaii,2/8/20,"1,137",2/1/20,"6,205","621,949",1
Hawaii,2/15/20,"1,199",2/8/20,"6,121","621,949",0.98
Hawaii,2/22/20,"1,020",2/15/20,"6,223","621,949",1
Hawaii,2/29/20,"1,049",2/22/20,"5,951","621,949",0.96
Hawaii,3/7/20,"1,275",2/29/20,"6,047","621,949",0.97
Hawaii,3/14/20,"1,589",3/7/20,"6,204","621,949",1
Hawaii,3/21/20,"8,817",3/14/20,"6,477","621,949",1.04
Hawaii,3/28/20,"48,596",3/21/20,"10,988","621,949",1.77
Hawaii,4/4/20,"53,101",3/28/20,"32,197","621,949",5.18
Idaho,1/4/20,"2,957",12/28/19,"8,854","722,812",1.22
Idaho,1/11/20,"2,131",1/4/20,"11,483","727,996",1.58
Idaho,1/18/20,"2,172",1/11/20,"11,931","727,996",1.64
Idaho,1/25/20,"1,821",1/18/20,"11,833","727,996",1.63
Idaho,2/1/20,"1,446",1/25/20,"11,337","727,996",1.56
Idaho,2/8/20,"1,443",2/1/20,"11,389","727,996",1.56
Idaho,2/15/20,"1,356",2/8/20,"11,334","727,996",1.56
Idaho,2/22/20,"1,114",2/15/20,"11,275","727,996",1.55
Idaho,2/29/20,998,2/22/20,"10,587","727,996",1.45
Idaho,3/7/20,938,2/29/20,"10,167","727,996",1.4
Idaho,3/14/20,"1,031",3/7/20,"9,336","727,996",1.28
Idaho,3/21/20,"13,586",3/14/20,"7,869","727,996",1.08
Idaho,3/28/20,"32,941",3/21/20,"15,523","727,996",2.13
Idaho,4/4/20,"30,904",3/28/20,"35,915","727,996",4.93
Illinois,1/4/20,"11,779",12/28/19,"125,348","5,902,475",2.12
Illinois,1/11/20,"12,703",1/4/20,"136,523","5,910,898",2.31
Illinois,1/18/20,"14,807",1/11/20,"133,967","5,910,898",2.27
Illinois,1/25/20,"9,762",1/18/20,"131,469","5,910,898",2.22
Illinois,2/1/20,"9,343",1/25/20,"143,239","5,910,898",2.42
Illinois,2/8/20,"9,794",2/1/20,"130,900","5,910,898",2.21
Illinois,2/15/20,"8,045",2/8/20,"133,765","5,910,898",2.26
Illinois,2/22/20,"11,812",2/15/20,"131,171","5,910,898",2.22
Illinois,2/29/20,"8,980",2/22/20,"132,123","5,910,898",2.24
Illinois,3/7/20,"8,727",2/29/20,"136,396","5,910,898",2.31
Illinois,3/14/20,"10,870",3/7/20,"130,325","5,910,898",2.2
Illinois,3/21/20,"114,114",3/14/20,"125,437","5,910,898",2.12
Illinois,3/28/20,"178,421",3/21/20,"132,114","5,910,898",2.24
Illinois,4/4/20,"201,041",3/28/20,"263,057","5,910,898",4.45
Indiana,1/4/20,"4,434",12/28/19,"20,062","3,034,091",0.66
Indiana,1/11/20,"4,890",1/4/20,"21,524","3,039,304",0.71
Indiana,1/18/20,"3,741",1/11/20,"21,626","3,039,304",0.71
Indiana,1/25/20,"2,956",1/18/20,"21,366","3,039,304",0.7
Indiana,2/1/20,"3,016",1/25/20,"22,017","3,039,304",0.72
Indiana,2/8/20,"2,725",2/1/20,"22,212","3,039,304",0.73
Indiana,2/15/20,"2,556",2/8/20,"22,352","3,039,304",0.74
Indiana,2/22/20,"2,979",2/15/20,"22,913","3,039,304",0.75
Indiana,2/29/20,"2,276",2/22/20,"22,994","3,039,304",0.76
Indiana,3/7/20,"2,223",2/29/20,"22,586","3,039,304",0.74
Indiana,3/14/20,"2,596",3/7/20,"21,473","3,039,304",0.71
Indiana,3/21/20,"59,755",3/14/20,"20,778","3,039,304",0.68
Indiana,3/28/20,"139,174",3/21/20,"28,987","3,039,304",0.95
Indiana,4/4/20,"127,010",3/28/20,"71,737","3,039,304",2.36
Iowa,1/4/20,"4,586",12/28/19,"34,549","1,529,213",2.26
Iowa,1/11/20,"4,836",1/4/20,"34,540","1,530,920",2.26
Iowa,1/18/20,"3,615",1/11/20,"29,625","1,530,920",1.94
Iowa,1/25/20,"3,115",1/18/20,"30,369","1,530,920",1.98
Iowa,2/1/20,"3,066",1/25/20,"30,890","1,530,920",2.02
Iowa,2/8/20,"2,379",2/1/20,"30,789","1,530,920",2.01
Iowa,2/15/20,"2,239",2/8/20,"30,799","1,530,920",2.01
Iowa,2/22/20,"2,631",2/15/20,"30,741","1,530,920",2.01
Iowa,2/29/20,"2,240",2/22/20,"30,516","1,530,920",1.99
Iowa,3/7/20,"2,221",2/29/20,"29,424","1,530,920",1.92
Iowa,3/14/20,"2,229",3/7/20,"27,816","1,530,920",1.82
Iowa,3/21/20,"40,952",3/14/20,"26,496","1,530,920",1.73
Iowa,3/28/20,"55,966",3/21/20,"53,650","1,530,920",3.5
Iowa,4/4/20,"64,194",3/28/20,"91,631","1,530,920",5.99
Kansas,1/4/20,"2,019",12/28/19,"11,175","1,359,781",0.82
Kansas,1/11/20,"2,140",1/4/20,"11,431","1,363,114",0.84
Kansas,1/18/20,"2,402",1/11/20,"10,638","1,363,114",0.78
Kansas,1/25/20,"2,557",1/18/20,"11,182","1,363,114",0.82
Kansas,2/1/20,"2,000",1/25/20,"12,301","1,363,114",0.9
Kansas,2/8/20,"2,107",2/1/20,"11,809","1,363,114",0.87
Kansas,2/15/20,"2,076",2/8/20,"11,666","1,363,114",0.86
Kansas,2/22/20,"1,494",2/15/20,"12,003","1,363,114",0.88
Kansas,2/29/20,"1,517",2/22/20,"11,505","1,363,114",0.84
Kansas,3/7/20,"1,365",2/29/20,"11,003","1,363,115",0.81
Kansas,3/14/20,"1,755",3/7/20,"9,771","1,363,114",0.72
Kansas,3/21/20,"23,563",3/14/20,"9,973","1,363,114",0.73
Kansas,3/28/20,"54,330",3/21/20,"17,558","1,363,114",1.29
Kansas,4/4/20,"49,306",3/28/20,"51,425","1,363,114",3.77
Kentucky,1/4/20,"5,175",12/28/19,"22,515","1,890,475",1.19
Kentucky,1/11/20,"3,968",1/4/20,"25,124","1,890,475",1.33
Kentucky,1/18/20,"3,084",1/11/20,"24,066","1,890,475",1.27
Kentucky,1/25/20,"2,569",1/18/20,"22,874","1,890,475",1.21
Kentucky,2/1/20,"2,625",1/25/20,"23,219","1,890,475",1.23
Kentucky,2/8/20,"2,936",2/1/20,"22,937","1,890,475",1.21
Kentucky,2/15/20,"2,813",2/8/20,"23,076","1,890,475",1.22
Kentucky,2/22/20,"2,508",2/15/20,"22,623","1,890,475",1.2
Kentucky,2/29/20,"2,223",2/22/20,"23,733","1,890,475",1.26
Kentucky,3/7/20,"2,463",2/29/20,"22,770","1,890,475",1.2
Kentucky,3/14/20,"2,785",3/7/20,"22,940","1,890,475",1.21
Kentucky,3/21/20,"49,023",3/14/20,"22,328","1,890,475",1.18
Kentucky,3/28/20,"113,149",3/21/20,"24,361","1,890,475",1.29
Kentucky,4/4/20,"117,575",3/28/20,"130,151","1,890,475",6.88
Louisiana,1/4/20,"1,658",12/28/19,"16,553","1,890,973",0.88
Louisiana,1/11/20,"2,521",1/4/20,"15,957","1,892,522",0.84
Louisiana,1/18/20,"2,008",1/11/20,"16,076","1,892,522",0.85
Louisiana,1/25/20,"1,878",1/18/20,"15,500","1,892,522",0.82
Louisiana,2/1/20,"2,058",1/25/20,"16,189","1,892,522",0.86
Louisiana,2/8/20,"1,805",2/1/20,"15,051","1,892,522",0.8
Louisiana,2/15/20,"1,739",2/8/20,"15,057","1,892,522",0.8
Louisiana,2/22/20,"1,798",2/15/20,"14,640","1,892,522",0.77
Louisiana,2/29/20,"1,509",2/22/20,"15,289","1,892,522",0.81
Louisiana,3/7/20,"1,698",2/29/20,"14,199","1,892,522",0.75
Louisiana,3/14/20,"2,255",3/7/20,"13,987","1,892,522",0.74
Louisiana,3/21/20,"72,438",3/14/20,"14,143","1,892,522",0.75
Louisiana,3/28/20,"97,400",3/21/20,"58,027","1,892,522",3.07
Louisiana,4/4/20,"100,621",3/28/20,"116,690","1,892,522",6.17
Maine,1/4/20,"1,663",12/28/19,"7,828","601,875",1.3
Maine,1/11/20,"1,561",1/4/20,"7,832","602,736",1.3
Maine,1/18/20,959,1/11/20,"8,661","602,736",1.44
Maine,1/25/20,944,1/18/20,"8,457","602,736",1.4
Maine,2/1/20,881,1/25/20,"8,916","602,736",1.48
Maine,2/8/20,702,2/1/20,"8,809","602,736",1.46
Maine,2/15/20,790,2/8/20,"8,896","602,736",1.48
Maine,2/22/20,737,2/15/20,"8,624","602,736",1.43
Maine,2/29/20,862,2/22/20,"9,007","602,736",1.49
Maine,3/7/20,715,2/29/20,"8,739","602,736",1.45
Maine,3/14/20,634,3/7/20,"8,451","602,736",1.4
Maine,3/21/20,"21,459",3/14/20,"8,703","602,736",1.44
Maine,3/28/20,"23,770",3/21/20,"21,967","602,736",3.64
Maine,4/4/20,"30,910",3/28/20,"41,339","602,736",6.86
Maryland,1/4/20,"3,997",12/28/19,"30,571","2,547,265",1.2
Maryland,1/11/20,"4,627",1/4/20,"31,292","2,549,408",1.23
Maryland,1/18/20,"3,739",1/11/20,"29,203","2,549,408",1.15
Maryland,1/25/20,"3,283",1/18/20,"29,231","2,549,408",1.15
Maryland,2/1/20,"3,203",1/25/20,"29,788","2,549,408",1.17
Maryland,2/8/20,"3,150",2/1/20,"29,342","2,549,408",1.15
Maryland,2/15/20,"3,048",2/8/20,"29,219","2,549,408",1.15
Maryland,2/22/20,"2,700",2/15/20,"29,095","2,549,408",1.14
Maryland,2/29/20,"2,626",2/22/20,"28,412","2,549,408",1.11
Maryland,3/7/20,"2,675",2/29/20,"28,068","2,549,408",1.1
Maryland,3/14/20,"3,864",3/7/20,"27,046","2,549,408",1.06
Maryland,3/21/20,"42,981",3/14/20,"26,467","2,549,408",1.04
Maryland,3/28/20,"85,317",3/21/20,"47,973","2,549,408",1.88
Maryland,4/4/20,"109,496",3/28/20,"92,112","2,549,408",3.61
Massachusetts,1/4/20,"9,464",12/28/19,"76,528","3,546,144",2.16
Massachusetts,1/11/20,"8,784",1/4/20,"79,521","3,557,761",2.24
Massachusetts,1/18/20,"6,940",1/11/20,"75,076","3,557,761",2.11
Massachusetts,1/25/20,"6,022",1/18/20,"75,529","3,557,761",2.12
Massachusetts,2/1/20,"5,523",1/25/20,"76,927","3,557,761",2.16
Massachusetts,2/8/20,"5,878",2/1/20,"76,492","3,557,761",2.15
Massachusetts,2/15/20,"5,393",2/8/20,"76,912","3,557,761",2.16
Massachusetts,2/22/20,"9,264",2/15/20,"77,091","3,557,761",2.17
Massachusetts,2/29/20,"4,865",2/22/20,"83,220","3,557,761",2.34
Massachusetts,3/7/20,"4,712",2/29/20,"75,552","3,557,761",2.12
Massachusetts,3/14/20,"7,449",3/7/20,"74,336","3,557,761",2.09
Massachusetts,3/21/20,"148,452",3/14/20,"83,127","3,557,761",2.34
Massachusetts,3/28/20,"181,423",3/21/20,"183,105","3,557,761",5.15
Massachusetts,4/4/20,"139,647",3/28/20,"310,211","3,557,761",8.72
Michigan,1/4/20,"13,207",12/28/19,"72,103","4,298,761",1.68
Michigan,1/11/20,"14,245",1/4/20,"89,760","4,302,198",2.09
Michigan,1/18/20,"10,304",1/11/20,"84,136","4,302,198",1.96
Michigan,1/25/20,"7,678",1/18/20,"91,306","4,302,198",2.12
Michigan,2/1/20,"6,869",1/25/20,"82,775","4,302,198",1.92
Michigan,2/8/20,"6,627",2/1/20,"79,833","4,302,198",1.86
Michigan,2/15/20,"5,587",2/8/20,"79,149","4,302,198",1.84
Michigan,2/22/20,"5,942",2/15/20,"78,029","4,302,198",1.81
Michigan,2/29/20,"5,419",2/22/20,"78,570","4,302,198",1.83
Michigan,3/7/20,"5,150",2/29/20,"77,661","4,302,198",1.81
Michigan,3/14/20,"5,338",3/7/20,"75,757","4,302,198",1.76
Michigan,3/21/20,"128,006",3/14/20,"75,075","4,302,198",1.75
Michigan,3/28/20,"304,335",3/21/20,"88,183","4,302,198",2.05
Michigan,4/4/20,"388,554",3/28/20,"366,426","4,302,198",8.52
Minnesota,1/4/20,"7,293",12/28/19,"68,226","2,853,412",2.39
Minnesota,1/11/20,"5,933",1/4/20,"66,377","2,859,937",2.32
Minnesota,1/18/20,"4,463",1/11/20,"62,628","2,859,937",2.19
Minnesota,1/25/20,"3,931",1/18/20,"61,704","2,859,937",2.16
Minnesota,2/1/20,"3,700",1/25/20,"62,189","2,859,937",2.17
Minnesota,2/8/20,"4,108",2/1/20,"64,105","2,859,937",2.24
Minnesota,2/15/20,"3,641",2/8/20,"63,956","2,859,937",2.24
Minnesota,2/22/20,"3,539",2/15/20,"62,200","2,859,937",2.17
Minnesota,2/29/20,"3,410",2/22/20,"61,696","2,859,937",2.16
Minnesota,3/7/20,"3,488",2/29/20,"62,767","2,859,937",2.19
Minnesota,3/14/20,"4,010",3/7/20,"61,781","2,859,937",2.16
Minnesota,3/21/20,"115,773",3/14/20,"66,787","2,859,937",2.34
Minnesota,3/28/20,"109,095",3/21/20,"160,873","2,859,937",5.63
Minnesota,4/4/20,"110,260",3/28/20,"248,023","2,859,937",8.67
Mississippi,1/4/20,"1,178",12/28/19,"9,681","1,107,596",0.87
Mississippi,1/11/20,"1,515",1/4/20,"9,536","1,108,618",0.86
Mississippi,1/18/20,"1,135",1/11/20,"8,804","1,108,618",0.79
Mississippi,1/25/20,993,1/18/20,"8,562","1,108,618",0.77
Mississippi,2/1/20,963,1/25/20,"8,674","1,108,618",0.78
Mississippi,2/8/20,968,2/1/20,"8,261","1,108,618",0.75
Mississippi,2/15/20,861,2/8/20,"8,216","1,108,618",0.74
Mississippi,2/22/20,827,2/15/20,"7,922","1,108,618",0.71
Mississippi,2/29/20,744,2/22/20,"7,842","1,108,618",0.71
Mississippi,3/7/20,879,2/29/20,"7,416","1,108,618",0.67
Mississippi,3/14/20,"1,147",3/7/20,"7,098","1,108,618",0.64
Mississippi,3/21/20,"5,519",3/14/20,"6,667","1,108,618",0.6
Mississippi,3/28/20,"32,015",3/21/20,"9,581","1,108,618",0.86
Mississippi,4/4/20,"45,852",3/28/20,"29,373","1,108,618",2.65
Missouri,1/4/20,"7,474",12/28/19,"29,785","2,745,404",1.08
Missouri,1/11/20,"10,913",1/4/20,"30,140","2,749,100",1.1
Missouri,1/18/20,"4,938",1/11/20,"29,945","2,749,100",1.09
Missouri,1/25/20,"5,474",1/18/20,"29,170","2,749,100",1.06
Missouri,2/1/20,"4,801",1/25/20,"29,854","2,749,100",1.09
Missouri,2/8/20,"3,670",2/1/20,"27,906","2,749,100",1.02
Missouri,2/15/20,"3,363",2/8/20,"27,362","2,749,100",1
Missouri,2/22/20,"3,063",2/15/20,"27,035","2,749,100",0.98
Missouri,2/29/20,"2,732",2/22/20,"26,949","2,749,100",0.98
Missouri,3/7/20,"2,994",2/29/20,"25,225","2,749,100",0.92
Missouri,3/14/20,"4,016",3/7/20,"22,381","2,749,100",0.81
Missouri,3/21/20,"42,246",3/14/20,"21,538","2,749,100",0.78
Missouri,3/28/20,"104,291",3/21/20,"49,470","2,749,100",1.8
Missouri,4/4/20,"91,458",3/28/20,"121,467","2,749,100",4.42
Montana,1/4/20,"1,555",12/28/19,"11,056","453,040",2.44
Montana,1/11/20,"1,755",1/4/20,"11,756","454,298",2.59
Montana,1/18/20,"1,236",1/11/20,"11,254","454,298",2.48
Montana,1/25/20,922,1/18/20,"11,830","454,298",2.6
Montana,2/1/20,902,1/25/20,"11,527","454,298",2.54
Montana,2/8/20,935,2/1/20,"11,489","454,298",2.53
Montana,2/15/20,921,2/8/20,"11,479","454,298",2.53
Montana,2/22/20,795,2/15/20,"11,308","454,298",2.49
Montana,2/29/20,695,2/22/20,"11,296","454,298",2.49
Montana,3/7/20,714,2/29/20,"10,782","454,298",2.37
Montana,3/14/20,817,3/7/20,"10,112","454,298",2.23
Montana,3/21/20,"15,349",3/14/20,"9,818","454,298",2.16
Montana,3/28/20,"20,763",3/21/20,"19,099","454,298",4.2
Montana,4/4/20,"21,244",3/28/20,"36,819","454,298",8.1
Nebraska,1/4/20,"1,099",12/28/19,"5,165","963,465",0.54
Nebraska,1/11/20,"1,171",1/4/20,"5,694","962,725",0.59
Nebraska,1/18/20,988,1/11/20,"4,940","962,725",0.51
Nebraska,1/25/20,960,1/18/20,"5,107","962,725",0.53
Nebraska,2/1/20,833,1/25/20,"5,884","962,725",0.61
Nebraska,2/8/20,675,2/1/20,"5,693","962,725",0.59
Nebraska,2/15/20,537,2/8/20,"5,804","962,725",0.6
Nebraska,2/22/20,493,2/15/20,"5,780","962,725",0.6
Nebraska,2/29/20,502,2/22/20,"6,286","962,725",0.65
Nebraska,3/7/20,501,2/29/20,"5,581","962,725",0.58
Nebraska,3/14/20,795,3/7/20,"5,076","962,725",0.53
Nebraska,3/21/20,"15,700",3/14/20,"4,859","962,725",0.5
Nebraska,3/28/20,"24,725",3/21/20,"16,641","962,725",1.73
Nebraska,4/4/20,"27,054",3/28/20,"38,921","962,725",4.04
Nevada,1/4/20,"2,264",12/28/19,"20,801","1,362,256",1.53
Nevada,1/11/20,"2,792",1/4/20,"19,823","1,371,969",1.44
Nevada,1/18/20,"2,451",1/11/20,"19,328","1,371,969",1.41
Nevada,1/25/20,"2,101",1/18/20,"19,025","1,371,969",1.39
Nevada,2/1/20,"2,286",1/25/20,"19,177","1,371,969",1.4
Nevada,2/8/20,"2,794",2/1/20,"19,225","1,371,969",1.4
Nevada,2/15/20,"2,543",2/8/20,"19,585","1,371,969",1.43
Nevada,2/22/20,"2,052",2/15/20,"19,472","1,371,969",1.42
Nevada,2/29/20,"2,324",2/22/20,"20,044","1,371,969",1.46
Nevada,3/7/20,"2,309",2/29/20,"19,850","1,371,969",1.45
Nevada,3/14/20,"6,356",3/7/20,"19,475","1,371,969",1.42
Nevada,3/21/20,"92,298",3/14/20,"19,822","1,371,969",1.44
Nevada,3/28/20,"71,942",3/21/20,"58,798","1,371,969",4.29
Nevada,4/4/20,"79,285",3/28/20,"131,121","1,371,969",9.56
New Hampshire,1/4/20,690,12/28/19,"4,468","652,934",0.68
New Hampshire,1/11/20,722,1/4/20,"4,575","654,468",0.7
New Hampshire,1/18/20,613,1/11/20,"4,215","654,468",0.64
New Hampshire,1/25/20,577,1/18/20,"4,202","654,468",0.64
New Hampshire,2/1/20,456,1/25/20,"4,033","654,468",0.62
New Hampshire,2/8/20,507,2/1/20,"4,050","654,468",0.62
New Hampshire,2/15/20,424,2/8/20,"4,015","654,468",0.61
New Hampshire,2/22/20,444,2/15/20,"3,936","654,468",0.6
New Hampshire,2/29/20,894,2/22/20,"4,048","654,468",0.62
New Hampshire,3/7/20,495,2/29/20,"4,475","654,468",0.68
New Hampshire,3/14/20,642,3/7/20,"3,909","654,468",0.6
New Hampshire,3/21/20,"29,379",3/14/20,"4,024","654,468",0.61
New Hampshire,3/28/20,"31,378",3/21/20,"27,321","654,468",4.17
New Hampshire,4/4/20,"39,202",3/28/20,"52,166","654,468",7.97
New Jersey,1/4/20,"15,325",12/28/19,"111,335","4,007,202",2.78
New Jersey,1/11/20,"13,469",1/4/20,"120,461","4,015,146",3
New Jersey,1/18/20,"10,728",1/11/20,"108,425","4,015,146",2.7
New Jersey,1/25/20,"9,325",1/18/20,"107,082","4,015,146",2.67
New Jersey,2/1/20,"8,304",1/25/20,"110,022","4,015,146",2.74
New Jersey,2/8/20,"9,288",2/1/20,"109,931","4,015,146",2.74
New Jersey,2/15/20,"8,550",2/8/20,"110,016","4,015,146",2.74
New Jersey,2/22/20,"8,396",2/15/20,"109,265","4,015,146",2.72
New Jersey,2/29/20,"7,773",2/22/20,"110,902","4,015,146",2.76
New Jersey,3/7/20,"7,996",2/29/20,"107,646","4,015,146",2.68
New Jersey,3/14/20,"9,467",3/7/20,"104,283","4,015,146",2.6
New Jersey,3/21/20,"115,815",3/14/20,"105,840","4,015,146",2.64
New Jersey,3/28/20,"206,253",3/21/20,"156,181","4,015,146",3.89
New Jersey,4/4/20,"214,836",3/28/20,"276,119","4,015,146",6.88
New Mexico,1/4/20,799,12/28/19,"10,140","796,105",1.27
New Mexico,1/11/20,"1,194",1/4/20,"10,310","799,085",1.29
New Mexico,1/18/20,947,1/11/20,"9,920","799,085",1.24
New Mexico,1/25/20,764,1/18/20,"10,137","799,085",1.27
New Mexico,2/1/20,784,1/25/20,"10,066","799,085",1.26
New Mexico,2/8/20,873,2/1/20,"9,965","799,085",1.25
New Mexico,2/15/20,725,2/8/20,"9,987","799,085",1.25
New Mexico,2/22/20,737,2/15/20,"10,051","799,085",1.26
New Mexico,2/29/20,681,2/22/20,"10,039","799,085",1.26
New Mexico,3/7/20,690,2/29/20,"9,845","799,085",1.23
New Mexico,3/14/20,869,3/7/20,"9,566","799,085",1.2
New Mexico,3/21/20,"18,105",3/14/20,"9,288","799,085",1.16
New Mexico,3/28/20,"27,849",3/21/20,"20,087","799,085",2.51
New Mexico,4/4/20,"26,132",3/28/20,"44,829","799,085",5.61
New York,1/4/20,"44,846",12/28/19,"181,668","9,351,620",1.94
New York,1/11/20,"23,314",1/4/20,"184,283","9,380,736",1.96
New York,1/18/20,"17,823",1/11/20,"164,588","9,380,736",1.75
New York,1/25/20,"15,022",1/18/20,"164,044","9,380,736",1.75
New York,2/1/20,"16,545",1/25/20,"165,715","9,380,736",1.77
New York,2/8/20,"15,010",2/1/20,"163,393","9,380,736",1.74
New York,2/15/20,"14,333",2/8/20,"164,111","9,380,736",1.75
New York,2/22/20,"14,144",2/15/20,"163,220","9,380,736",1.74
New York,2/29/20,"31,208",2/22/20,"182,691","9,380,736",1.95
New York,3/7/20,"14,035",2/29/20,"161,892","9,380,736",1.73
New York,3/14/20,"14,272",3/7/20,"158,268","9,380,736",1.69
New York,3/21/20,"79,999",3/14/20,"167,214","9,380,736",1.78
New York,3/28/20,"366,595",3/21/20,"314,710","9,380,736",3.35
New York,4/4/20,"344,451",3/28/20,"712,544","9,380,736",7.6
North Carolina,1/4/20,"3,508",12/28/19,"20,848","4,362,309",0.48
North Carolina,1/11/20,"4,628",1/4/20,"21,239","4,381,417",0.48
North Carolina,1/18/20,"4,217",1/11/20,"22,247","4,381,417",0.51
North Carolina,1/25/20,"3,344",1/18/20,"22,415","4,381,417",0.51
North Carolina,2/1/20,"3,611",1/25/20,"22,342","4,381,417",0.51
North Carolina,2/8/20,"3,326",2/1/20,"22,044","4,381,417",0.5
North Carolina,2/15/20,"3,094",2/8/20,"21,972","4,381,417",0.5
North Carolina,2/22/20,"2,852",2/15/20,"21,630","4,381,417",0.49
North Carolina,2/29/20,"1,767",2/22/20,"21,188","4,381,417",0.48
North Carolina,3/7/20,"2,575",2/29/20,"20,196","4,381,417",0.46
North Carolina,3/14/20,"3,533",3/7/20,"19,683","4,381,417",0.45
North Carolina,3/21/20,"94,083",3/14/20,"20,652","4,381,417",0.47
North Carolina,3/28/20,"172,145",3/21/20,"75,220","4,381,417",1.72
North Carolina,4/4/20,"137,422",3/28/20,"245,692","4,381,417",5.61
North Dakota,1/4/20,836,12/28/19,"5,785","409,901",1.41
North Dakota,1/11/20,"1,530",1/4/20,"6,171","411,624",1.5
North Dakota,1/18/20,785,1/11/20,"6,809","411,624",1.65
North Dakota,1/25/20,543,1/18/20,"7,179","411,624",1.74
North Dakota,2/1/20,447,1/25/20,"6,782","411,624",1.65
North Dakota,2/8/20,526,2/1/20,"6,838","411,624",1.66
North Dakota,2/15/20,457,2/8/20,"6,924","411,624",1.68
North Dakota,2/22/20,435,2/15/20,"6,886","411,624",1.67
North Dakota,2/29/20,363,2/22/20,"6,795","411,624",1.65
North Dakota,3/7/20,423,2/29/20,"6,543","411,624",1.59
North Dakota,3/14/20,415,3/7/20,"6,349","411,624",1.54
North Dakota,3/21/20,"5,662",3/14/20,"6,169","411,624",1.5
North Dakota,3/28/20,"11,818",3/21/20,"8,534","411,624",2.07
North Dakota,4/4/20,"15,125",3/28/20,"16,036","411,624",3.9
Ohio,1/4/20,"10,759",12/28/19,"73,287","5,327,431",1.38
Ohio,1/11/20,"9,957",1/4/20,"78,391","5,338,723",1.47
Ohio,1/18/20,"7,865",1/11/20,"72,855","5,338,723",1.36
Ohio,1/25/20,"8,086",1/18/20,"72,002","5,338,723",1.35
Ohio,2/1/20,"7,329",1/25/20,"72,622","5,338,723",1.36
Ohio,2/8/20,"6,825",2/1/20,"71,442","5,338,723",1.34
Ohio,2/15/20,"6,532",2/8/20,"71,214","5,338,723",1.33
Ohio,2/22/20,"6,208",2/15/20,"70,924","5,338,723",1.33
Ohio,2/29/20,"9,916",2/22/20,"70,655","5,338,723",1.32
Ohio,3/7/20,"6,545",2/29/20,"73,123","5,338,723",1.37
Ohio,3/14/20,"7,046",3/7/20,"68,516","5,338,723",1.28
Ohio,3/21/20,"196,309",3/14/20,"68,323","5,338,723",1.28
Ohio,3/28/20,"274,288",3/21/20,"214,273","5,338,723",4.01
Ohio,4/4/20,"226,191",3/28/20,"450,061","5,338,723",8.43
Oklahoma,1/4/20,"2,943",12/28/19,"18,080","1,560,077",1.16
Oklahoma,1/11/20,"2,034",1/4/20,"19,387","1,565,634",1.24
Oklahoma,1/18/20,"1,981",1/11/20,"17,467","1,565,634",1.12
Oklahoma,1/25/20,"1,830",1/18/20,"17,291","1,565,634",1.1
Oklahoma,2/1/20,"1,779",1/25/20,"17,451","1,565,634",1.11
Oklahoma,2/8/20,"1,715",2/1/20,"17,757","1,565,634",1.13
Oklahoma,2/15/20,"1,633",2/8/20,"17,513","1,565,634",1.12
Oklahoma,2/22/20,"1,509",2/15/20,"17,269","1,565,634",1.1
Oklahoma,2/29/20,"1,458",2/22/20,"16,929","1,565,634",1.08
Oklahoma,3/7/20,"1,569",2/29/20,"17,067","1,565,634",1.09
Oklahoma,3/14/20,"1,836",3/7/20,"16,482","1,565,634",1.05
Oklahoma,3/21/20,"21,926",3/14/20,"16,854","1,565,634",1.08
Oklahoma,3/28/20,"47,744",3/21/20,"25,268","1,565,634",1.61
Oklahoma,4/4/20,"60,534",3/28/20,"55,029","1,565,634",3.51
Oregon,1/4/20,"6,714",12/28/19,"35,451","1,898,680",1.87
Oregon,1/11/20,"6,215",1/4/20,"36,039","1,906,429",1.89
Oregon,1/18/20,"4,051",1/11/20,"31,604","1,906,429",1.66
Oregon,1/25/20,"4,457",1/18/20,"32,306","1,906,429",1.69
Oregon,2/1/20,"4,853",1/25/20,"31,876","1,906,429",1.67
Oregon,2/8/20,"4,953",2/1/20,"31,658","1,906,429",1.66
Oregon,2/15/20,"4,284",2/8/20,"31,167","1,906,429",1.63
Oregon,2/22/20,"3,514",2/15/20,"30,548","1,906,429",1.6
Oregon,2/29/20,"3,936",2/22/20,"30,165","1,906,429",1.58
Oregon,3/7/20,"4,154",2/29/20,"29,517","1,906,429",1.55
Oregon,3/14/20,"4,269",3/7/20,"29,002","1,906,429",1.52
Oregon,3/21/20,"30,054",3/14/20,"30,523","1,906,429",1.6
Oregon,3/28/20,"47,498",3/21/20,"63,930","1,906,429",3.35
Oregon,4/4/20,"62,788",3/28/20,"118,729","1,906,429",6.23
Pennsylvania,1/4/20,"27,298",12/28/19,"135,411","5,787,653",2.34
Pennsylvania,1/11/20,"26,356",1/4/20,"163,882","5,800,562",2.83
Pennsylvania,1/18/20,"16,218",1/11/20,"142,326","5,800,562",2.45
Pennsylvania,1/25/20,"13,359",1/18/20,"140,027","5,800,562",2.41
Pennsylvania,2/1/20,"15,893",1/25/20,"135,951","5,800,562",2.34
Pennsylvania,2/8/20,"14,425",2/1/20,"142,004","5,800,562",2.45
Pennsylvania,2/15/20,"13,583",2/8/20,"136,149","5,800,562",2.35
Pennsylvania,2/22/20,"12,631",2/15/20,"142,306","5,800,562",2.45
Pennsylvania,2/29/20,"12,045",2/22/20,"135,095","5,800,562",2.33
Pennsylvania,3/7/20,"12,227",2/29/20,"136,931","5,800,562",2.36
Pennsylvania,3/14/20,"15,439",3/7/20,"128,842","5,800,562",2.22
Pennsylvania,3/21/20,"377,451",3/14/20,"128,029","5,800,562",2.21
Pennsylvania,3/28/20,"404,677",3/21/20,"135,708","5,800,562",2.34
Pennsylvania,4/4/20,"277,640",3/28/20,"566,464","5,800,562",9.77
Puerto Rico,1/4/20,853,12/28/19,"17,194","848,044",2.03
Puerto Rico,1/11/20,836,1/4/20,"15,746","852,292",1.85
Puerto Rico,1/18/20,"3,124",1/11/20,"22,291","852,292",2.62
Puerto Rico,1/25/20,"2,335",1/18/20,"22,725","852,292",2.67
Puerto Rico,2/1/20,"1,998",1/25/20,"23,857","852,292",2.8
Puerto Rico,2/8/20,"1,770",2/1/20,"23,157","852,292",2.72
Puerto Rico,2/15/20,"1,588",2/8/20,"21,114","852,292",2.48
Puerto Rico,2/22/20,"1,390",2/15/20,"20,765","852,292",2.44
Puerto Rico,2/29/20,"1,296",2/22/20,"19,480","852,292",2.29
Puerto Rico,3/7/20,"1,343",2/29/20,"18,657","852,292",2.19
Puerto Rico,3/14/20,"1,172",3/7/20,"18,704","852,292",2.19
Puerto Rico,3/21/20,"20,148",3/14/20,"15,239","852,292",1.79
Puerto Rico,3/28/20,"45,394",3/21/20,"19,230","852,292",2.26
Puerto Rico,4/4/20,"66,555",3/28/20,"49,669","852,292",5.83
Rhode Island,1/4/20,"1,972",12/28/19,"12,109","471,911",2.57
Rhode Island,1/11/20,"1,817",1/4/20,"12,299","472,874",2.6
Rhode Island,1/18/20,"1,194",1/11/20,"10,987","472,874",2.32
Rhode Island,1/25/20,"1,048",1/18/20,"10,750","472,874",2.27
Rhode Island,2/1/20,971,1/25/20,"11,042","472,874",2.34
Rhode Island,2/8/20,959,2/1/20,"11,051","472,874",2.34
Rhode Island,2/15/20,996,2/8/20,"11,164","472,874",2.36
Rhode Island,2/22/20,"1,921",2/15/20,"11,199","472,874",2.37
Rhode Island,2/29/20,874,2/22/20,"12,384","472,874",2.62
Rhode Island,3/7/20,700,2/29/20,"11,130","472,874",2.35
Rhode Island,3/14/20,"1,108",3/7/20,"10,692","472,874",2.26
Rhode Island,3/21/20,"35,847",3/14/20,"10,857","472,874",2.3
Rhode Island,3/28/20,"27,800",3/21/20,"31,847","472,874",6.73
Rhode Island,4/4/20,"28,243",3/28/20,"56,038","472,874",11.85
South Carolina,1/4/20,"7,471",12/28/19,"18,922","2,070,232",0.91
South Carolina,1/11/20,"4,629",1/4/20,"21,587","2,077,535",1.04
South Carolina,1/18/20,"3,126",1/11/20,"18,780","2,077,535",0.9
South Carolina,1/25/20,"2,248",1/18/20,"17,113","2,077,535",0.82
South Carolina,2/1/20,"2,099",1/25/20,"17,061","2,077,535",0.82
South Carolina,2/8/20,"2,054",2/1/20,"16,669","2,077,535",0.8
South Carolina,2/15/20,"2,088",2/8/20,"16,547","2,077,535",0.8
South Carolina,2/22/20,"1,824",2/15/20,"16,239","2,077,535",0.78
South Carolina,2/29/20,"1,977",2/22/20,"15,779","2,077,535",0.76
South Carolina,3/7/20,"1,889",2/29/20,"15,341","2,077,535",0.74
South Carolina,3/14/20,"2,093",3/7/20,"15,032","2,077,535",0.72
South Carolina,3/21/20,"31,826",3/14/20,"15,111","2,077,535",0.73
South Carolina,3/28/20,"66,475",3/21/20,"30,341","2,077,535",1.46
South Carolina,4/4/20,"86,573",3/28/20,"75,521","2,077,535",3.64
South Dakota,1/4/20,398,12/28/19,"2,798","416,296",0.67
South Dakota,1/11/20,468,1/4/20,"2,970","417,030",0.71
South Dakota,1/18/20,338,1/11/20,"2,995","417,030",0.72
South Dakota,1/25/20,291,1/18/20,"3,071","417,030",0.74
South Dakota,2/1/20,217,1/25/20,"3,155","417,030",0.76
South Dakota,2/8/20,223,2/1/20,"3,117","417,030",0.75
South Dakota,2/15/20,194,2/8/20,"3,196","417,030",0.77
South Dakota,2/22/20,191,2/15/20,"3,164","417,030",0.76
South Dakota,2/29/20,159,2/22/20,"3,116","417,030",0.75
South Dakota,3/7/20,185,2/29/20,"3,059","417,030",0.73
South Dakota,3/14/20,190,3/7/20,"2,870","417,030",0.69
South Dakota,3/21/20,"1,761",3/14/20,"2,674","417,030",0.64
South Dakota,3/28/20,"6,801",3/21/20,"3,538","417,030",0.85
South Dakota,4/4/20,"8,138",3/28/20,"7,568","417,030",1.81
Tennessee,1/4/20,"3,084",12/28/19,"22,163","3,250,062",0.68
Tennessee,1/11/20,"3,711",1/4/20,"22,398","3,263,988",0.69
Tennessee,1/18/20,"3,093",1/11/20,"20,441","3,263,988",0.63
Tennessee,1/25/20,"2,484",1/18/20,"20,786","3,263,988",0.64
Tennessee,2/1/20,"2,362",1/25/20,"21,364","3,263,988",0.65
Tennessee,2/8/20,"2,161",2/1/20,"20,670","3,263,988",0.63
Tennessee,2/15/20,"2,140",2/8/20,"20,485","3,263,988",0.63
Tennessee,2/22/20,"1,855",2/15/20,"20,139","3,263,988",0.62
Tennessee,2/29/20,"2,014",2/22/20,"20,413","3,263,988",0.63
Tennessee,3/7/20,"2,032",2/29/20,"19,035","3,263,988",0.58
Tennessee,3/14/20,"2,702",3/7/20,"18,450","3,263,988",0.57
Tennessee,3/21/20,"38,077",3/14/20,"18,350","3,263,988",0.56
Tennessee,3/28/20,"92,500",3/21/20,"37,541","3,263,988",1.15
Tennessee,4/4/20,"112,186",3/28/20,"116,179","3,263,988",3.56
Texas,1/4/20,"12,367",12/28/19,"141,473","12,168,097",1.16
Texas,1/11/20,"21,902",1/4/20,"140,768","12,236,594",1.15
Texas,1/18/20,"15,783",1/11/20,"145,126","12,236,594",1.19
Texas,1/25/20,"13,070",1/18/20,"132,656","12,236,594",1.08
Texas,2/1/20,"13,818",1/25/20,"140,826","12,236,594",1.15
Texas,2/8/20,"13,869",2/1/20,"128,666","12,236,594",1.05
Texas,2/15/20,"12,790",2/8/20,"133,475","12,236,594",1.09
Texas,2/22/20,"12,047",2/15/20,"127,275","12,236,594",1.04
Texas,2/29/20,"12,692",2/22/20,"133,247","12,236,594",1.09
Texas,3/7/20,"14,355",2/29/20,"125,252","12,236,594",1.02
Texas,3/14/20,"16,176",3/7/20,"127,905","12,236,594",1.05
Texas,3/21/20,"155,426",3/14/20,"126,427","12,236,594",1.03
Texas,3/28/20,"276,185",3/21/20,"144,697","12,236,594",1.18
Texas,4/4/20,"315,167",3/28/20,"374,656","12,236,594",3.06
Utah,1/4/20,"1,518",12/28/19,"11,328","1,454,279",0.78
Utah,1/11/20,"1,834",1/4/20,"11,787","1,459,679",0.81
Utah,1/18/20,"1,458",1/11/20,"12,061","1,459,679",0.83
Utah,1/25/20,"1,271",1/18/20,"12,061","1,459,679",0.83
Utah,2/1/20,"1,290",1/25/20,"11,872","1,459,679",0.81
Utah,2/8/20,"1,303",2/1/20,"12,187","1,459,679",0.83
Utah,2/15/20,"1,097",2/8/20,"12,131","1,459,679",0.83
Utah,2/22/20,"1,008",2/15/20,"11,960","1,459,679",0.82
Utah,2/29/20,885,2/22/20,"11,451","1,459,679",0.78
Utah,3/7/20,"1,015",2/29/20,"11,077","1,459,679",0.76
Utah,3/14/20,"1,305",3/7/20,"10,701","1,459,679",0.73
Utah,3/21/20,"19,690",3/14/20,"10,826","1,459,679",0.74
Utah,3/28/20,"28,532",3/21/20,"24,635","1,459,679",1.69
Utah,4/4/20,"33,040",3/28/20,"45,161","1,459,679",3.09
Vermont,1/4/20,680,12/28/19,"5,417","303,175",1.79
Vermont,1/11/20,649,1/4/20,"5,609","303,508",1.85
Vermont,1/18/20,755,1/11/20,"4,961","303,508",1.63
Vermont,1/25/20,518,1/18/20,"4,986","303,508",1.64
Vermont,2/1/20,481,1/25/20,"5,006","303,508",1.65
Vermont,2/8/20,475,2/1/20,"4,824","303,508",1.59
Vermont,2/15/20,543,2/8/20,"4,931","303,508",1.62
Vermont,2/22/20,610,2/15/20,"4,872","303,508",1.61
Vermont,2/29/20,863,2/22/20,"5,039","303,508",1.66
Vermont,3/7/20,446,2/29/20,"5,219","303,508",1.72
Vermont,3/14/20,659,3/7/20,"4,896","303,508",1.61
Vermont,3/21/20,"3,784",3/14/20,"4,810","303,508",1.58
Vermont,3/28/20,"14,633",3/21/20,"13,797","303,508",4.55
Vermont,4/4/20,"16,474",3/28/20,"21,953","303,508",7.23
Virgin Islands,1/4/20,10,12/28/19,468,"33,306",1.41
Virgin Islands,1/11/20,24,1/4/20,534,"34,238",1.56
Virgin Islands,1/18/20,40,1/11/20,562,"34,238",1.64
Virgin Islands,1/25/20,44,1/18/20,552,"34,238",1.61
Virgin Islands,2/1/20,35,1/25/20,516,"34,238",1.51
Virgin Islands,2/8/20,45,2/1/20,522,"34,238",1.52
Virgin Islands,2/15/20,40,2/8/20,508,"34,238",1.48
Virgin Islands,2/22/20,55,2/15/20,508,"34,238",1.48
Virgin Islands,2/29/20,37,2/22/20,562,"34,238",1.64
Virgin Islands,3/7/20,64,2/29/20,586,"34,238",1.71
Virgin Islands,3/14/20,44,3/7/20,592,"34,238",1.73
Virgin Islands,3/21/20,123,3/14/20,584,"34,238",1.71
Virgin Islands,3/28/20,250,3/21/20,512,"34,238",1.5
Virgin Islands,4/4/20,72,3/28/20,658,"34,238",1.92
Virginia,1/4/20,"3,188",12/28/19,"22,171","3,722,198",0.6
Virginia,1/11/20,"3,643",1/4/20,"23,577","3,731,069",0.63
Virginia,1/18/20,"2,831",1/11/20,"22,218","3,731,069",0.6
Virginia,1/25/20,"3,059",1/18/20,"21,661","3,731,069",0.58
Virginia,2/1/20,"2,575",1/25/20,"22,263","3,731,069",0.6
Virginia,2/8/20,"3,097",2/1/20,"22,049","3,731,069",0.59
Virginia,2/15/20,"2,693",2/8/20,"22,481","3,731,069",0.6
Virginia,2/22/20,"2,079",2/15/20,"22,493","3,731,069",0.6
Virginia,2/29/20,"3,267",2/22/20,"22,203","3,731,069",0.6
Virginia,3/7/20,"2,527",2/29/20,"22,714","3,731,069",0.61
Virginia,3/14/20,"2,706",3/7/20,"21,336","3,731,069",0.57
Virginia,3/21/20,"46,277",3/14/20,"21,628","3,731,069",0.58
Virginia,3/28/20,"112,497",3/21/20,"41,827","3,731,069",1.12
Virginia,4/4/20,"147,369",3/28/20,"133,184","3,731,069",3.57
Washington,1/4/20,"10,024",12/28/19,"70,363","3,317,884",2.12
Washington,1/11/20,"9,069",1/4/20,"70,214","3,333,838",2.11
Washington,1/18/20,"9,079",1/11/20,"65,903","3,333,838",1.98
Washington,1/25/20,"8,072",1/18/20,"67,705","3,333,838",2.03
Washington,2/1/20,"6,619",1/25/20,"65,260","3,333,838",1.96
Washington,2/8/20,"7,161",2/1/20,"64,144","3,333,838",1.92
Washington,2/15/20,"6,311",2/8/20,"61,819","3,333,838",1.85
Washington,2/22/20,"5,585",2/15/20,"59,819","3,333,838",1.79
Washington,2/29/20,"5,770",2/22/20,"58,586","3,333,838",1.76
Washington,3/7/20,"6,616",2/29/20,"56,513","3,333,838",1.7
Washington,3/14/20,"14,240",3/7/20,"55,588","3,333,838",1.67
Washington,3/21/20,"129,909",3/14/20,"62,623","3,333,838",1.88
Washington,3/28/20,"182,849",3/21/20,"158,025","3,333,838",4.74
Washington,4/4/20,"171,252",3/28/20,"309,411","3,333,838",9.28
West Virginia,1/4/20,"1,564",12/28/19,"15,887","670,192",2.37
West Virginia,1/11/20,"2,638",1/4/20,"18,026","670,051",2.69
West Virginia,1/18/20,"1,895",1/11/20,"17,681","670,051",2.64
West Virginia,1/25/20,"1,290",1/18/20,"16,745","670,051",2.5
West Virginia,2/1/20,"1,364",1/25/20,"16,905","670,051",2.52
West Virginia,2/8/20,"1,206",2/1/20,"16,588","670,051",2.48
West Virginia,2/15/20,"1,172",2/8/20,"16,856","670,051",2.52
West Virginia,2/22/20,"1,207",2/15/20,"17,355","670,051",2.59
West Virginia,2/29/20,"1,108",2/22/20,"16,797","670,051",2.51
West Virginia,3/7/20,"1,033",2/29/20,"16,110","670,051",2.4
West Virginia,3/14/20,865,3/7/20,"15,394","670,051",2.3
West Virginia,3/21/20,"3,536",3/14/20,"14,154","670,051",2.11
West Virginia,3/28/20,"14,523",3/21/20,"21,145","670,051",3.16
West Virginia,4/4/20,"14,494",3/28/20,"36,690","670,051",5.48
Wisconsin,1/4/20,"12,854",12/28/19,"49,605","2,848,173",1.74
Wisconsin,1/11/20,"8,255",1/4/20,"53,305","2,851,929",1.87
Wisconsin,1/18/20,"6,388",1/11/20,"44,776","2,851,929",1.57
Wisconsin,1/25/20,"6,134",1/18/20,"44,077","2,851,929",1.55
Wisconsin,2/1/20,"6,280",1/25/20,"44,425","2,851,929",1.56
Wisconsin,2/8/20,"6,579",2/1/20,"44,477","2,851,929",1.56
Wisconsin,2/15/20,"5,808",2/8/20,"44,163","2,851,929",1.55
Wisconsin,2/22/20,"6,098",2/15/20,"43,996","2,851,929",1.54
Wisconsin,2/29/20,"5,658",2/22/20,"43,574","2,851,929",1.53
Wisconsin,3/7/20,"5,052",2/29/20,"42,337","2,851,929",1.48
Wisconsin,3/14/20,"5,190",3/7/20,"40,738","2,851,929",1.43
Wisconsin,3/21/20,"51,031",3/14/20,"43,607","2,851,929",1.53
Wisconsin,3/28/20,"110,934",3/21/20,"99,574","2,851,929",3.49
Wisconsin,4/4/20,"104,823",3/28/20,"208,387","2,851,929",7.31
Wyoming,1/4/20,662,12/28/19,"3,219","267,362",1.2
Wyoming,1/11/20,829,1/4/20,"3,302","268,518",1.23
Wyoming,1/18/20,636,1/11/20,"3,301","268,518",1.23
Wyoming,1/25/20,531,1/18/20,"3,354","268,518",1.25
Wyoming,2/1/20,529,1/25/20,"3,475","268,518",1.29
Wyoming,2/8/20,589,2/1/20,"3,507","268,518",1.31
Wyoming,2/15/20,598,2/8/20,"3,699","268,518",1.38
Wyoming,2/22/20,389,2/15/20,"3,611","268,518",1.34
Wyoming,2/29/20,471,2/22/20,"3,543","268,518",1.32
Wyoming,3/7/20,534,2/29/20,"3,508","268,518",1.31
Wyoming,3/14/20,517,3/7/20,"3,375","268,518",1.26
Wyoming,3/21/20,"3,653",3/14/20,"3,197","268,518",1.19
Wyoming,3/28/20,"6,396",3/21/20,"4,519","268,518",1.68
Wyoming,4/4/20,"6,543",3/28/20,"7,790","268,518",2.9
